https://nasmei.org/	/Users/gmallapr/Documents/Codex/2026-07-10/i/work/nasmei-live-mirror/index.html	text/html; charset=UTF-8
https://nasmei.org/combine/770effd12411e85b4f06102ef71ec8a8-1511876977	/Users/gmallapr/Documents/Codex/2026-07-10/i/work/nasmei-live-mirror/combine/770effd12411e85b4f06102ef71ec8a8-1511876977	text/css; charset=UTF-8
https://nasmei.org	/Users/gmallapr/Documents/Codex/2026-07-10/i/work/nasmei-live-mirror/index.html	text/html; charset=UTF-8
https://nasmei.org/about	/Users/gmallapr/Documents/Codex/2026-07-10/i/work/nasmei-live-mirror/about/index.html	text/html; charset=UTF-8
https://nasmei.org/sponsorships	/Users/gmallapr/Documents/Codex/2026-07-10/i/work/nasmei-live-mirror/sponsorships/index.html	text/html; charset=UTF-8
https://nasmei.org/events/upcoming	/Users/gmallapr/Documents/Codex/2026-07-10/i/work/nasmei-live-mirror/events/upcoming/index.html	text/html; charset=UTF-8
https://nasmei.org/events/past	/Users/gmallapr/Documents/Codex/2026-07-10/i/work/nasmei-live-mirror/events/past/index.html	text/html; charset=UTF-8
https://nasmei.org/latest-news	/Users/gmallapr/Documents/Codex/2026-07-10/i/work/nasmei-live-mirror/latest-news/index.html	text/html; charset=UTF-8
https://nasmei.org/account	/Users/gmallapr/Documents/Codex/2026-07-10/i/work/nasmei-live-mirror/account/index.html	text/html; charset=UTF-8
https://nasmei.org/tiers-and-pricing	/Users/gmallapr/Documents/Codex/2026-07-10/i/work/nasmei-live-mirror/tiers-and-pricing/index.html	text/html; charset=UTF-8
https://nasmei.org/forum	/Users/gmallapr/Documents/Codex/2026-07-10/i/work/nasmei-live-mirror/forum/index.html	text/html; charset=UTF-8
https://nasmei.org/forum/channels	/Users/gmallapr/Documents/Codex/2026-07-10/i/work/nasmei-live-mirror/forum/channels/index.html	text/html; charset=UTF-8
https://nasmei.org/forum/authors	/Users/gmallapr/Documents/Codex/2026-07-10/i/work/nasmei-live-mirror/forum/authors/index.html	text/html; charset=UTF-8
https://nasmei.org/contact	/Users/gmallapr/Documents/Codex/2026-07-10/i/work/nasmei-live-mirror/contact/index.html	text/html; charset=UTF-8
https://nasmei.org/combine/30166456336078a67e03f0e06d68b33a-1511876977	/Users/gmallapr/Documents/Codex/2026-07-10/i/work/nasmei-live-mirror/combine/30166456336078a67e03f0e06d68b33a-1511876977	application/javascript
https://nasmei.org/about/constitution	/Users/gmallapr/Documents/Codex/2026-07-10/i/work/nasmei-live-mirror/about/constitution/index.html	text/html; charset=UTF-8
https://nasmei.org/latest-news/faculty-development-workshop	/Users/gmallapr/Documents/Codex/2026-07-10/i/work/nasmei-live-mirror/latest-news/faculty-development-workshop/index.html	text/html; charset=UTF-8
https://nasmei.org/latest-news/third-doctoral-consortium	/Users/gmallapr/Documents/Codex/2026-07-10/i/work/nasmei-live-mirror/latest-news/third-doctoral-consortium/index.html	text/html; charset=UTF-8
https://nasmei.org/reset-password	/Users/gmallapr/Documents/Codex/2026-07-10/i/work/nasmei-live-mirror/reset-password/index.html	text/html; charset=UTF-8
https://nasmei.org/themes/nasmei/assets/js/browser-warning.js	/Users/gmallapr/Documents/Codex/2026-07-10/i/work/nasmei-live-mirror/themes/nasmei/assets/js/browser-warning.js	application/javascript
https://nasmei.org/themes/nasmei/assets/images/nasmei-logo.jpg	/Users/gmallapr/Documents/Codex/2026-07-10/i/work/nasmei-live-mirror/themes/nasmei/assets/images/nasmei-logo.jpg	image/jpeg
https://nasmei.org/themes/nasmei/assets/images/image-1-color.jpg	/Users/gmallapr/Documents/Codex/2026-07-10/i/work/nasmei-live-mirror/themes/nasmei/assets/images/image-1-color.jpg	image/jpeg
https://nasmei.org/storage/app/media/uploaded-files/HomePagePhoto2.jpg	/Users/gmallapr/Documents/Codex/2026-07-10/i/work/nasmei-live-mirror/storage/app/media/uploaded-files/HomePagePhoto2.jpg	image/jpeg
https://nasmei.org/modules/system/assets/js/framework.js	/Users/gmallapr/Documents/Codex/2026-07-10/i/work/nasmei-live-mirror/modules/system/assets/js/framework.js	application/javascript
https://nasmei.org/modules/system/assets/js/framework.extras.js	/Users/gmallapr/Documents/Codex/2026-07-10/i/work/nasmei-live-mirror/modules/system/assets/js/framework.extras.js	application/javascript
https://nasmei.org/modules/system/assets/css/framework.extras.css	/Users/gmallapr/Documents/Codex/2026-07-10/i/work/nasmei-live-mirror/modules/system/assets/css/framework.extras.css	text/css
https://nasmei.org/plugins/sublimearts/algoliasearch/assets/js/sa-algolia.js	/Users/gmallapr/Documents/Codex/2026-07-10/i/work/nasmei-live-mirror/plugins/sublimearts/algoliasearch/assets/js/sa-algolia.js	application/javascript
https://nasmei.org/themes/nasmei/assets/images/image-4-color.jpg	/Users/gmallapr/Documents/Codex/2026-07-10/i/work/nasmei-live-mirror/themes/nasmei/assets/images/image-4-color.jpg	image/jpeg
https://nasmei.org/storage/app/media/uploaded-files/nasmeijgm.jpeg	/Users/gmallapr/Documents/Codex/2026-07-10/i/work/nasmei-live-mirror/storage/app/media/uploaded-files/nasmeijgm.jpeg	image/jpeg
https://nasmei.org/storage/app/media/uploaded-files/Workshop%20Speakers.jpg	/Users/gmallapr/Documents/Codex/2026-07-10/i/work/nasmei-live-mirror/storage/app/media/uploaded-files/Workshop%20Speakers.jpg	image/jpeg
https://nasmei.org/storage/app/uploads/public/5a1/1c4/593/5a11c45936cad914257073.jpg	/Users/gmallapr/Documents/Codex/2026-07-10/i/work/nasmei-live-mirror/storage/app/uploads/public/5a1/1c4/593/5a11c45936cad914257073.jpg	image/jpeg
https://nasmei.org/storage/app/uploads/public/5a1/1c4/593/5a11c4593b261072905668.jpg	/Users/gmallapr/Documents/Codex/2026-07-10/i/work/nasmei-live-mirror/storage/app/uploads/public/5a1/1c4/593/5a11c4593b261072905668.jpg	image/jpeg
https://nasmei.org/storage/app/uploads/public/5a1/1c4/5ab/5a11c45abb5f6092707033.jpg	/Users/gmallapr/Documents/Codex/2026-07-10/i/work/nasmei-live-mirror/storage/app/uploads/public/5a1/1c4/5ab/5a11c45abb5f6092707033.jpg	image/jpeg
https://nasmei.org/storage/app/uploads/public/5a1/1c4/5ab/5a11c45abd3fd739616139.jpg	/Users/gmallapr/Documents/Codex/2026-07-10/i/work/nasmei-live-mirror/storage/app/uploads/public/5a1/1c4/5ab/5a11c45abd3fd739616139.jpg	image/jpeg
https://nasmei.org/storage/app/uploads/public/5a1/1c4/5be/5a11c45bea454908192694.jpg	/Users/gmallapr/Documents/Codex/2026-07-10/i/work/nasmei-live-mirror/storage/app/uploads/public/5a1/1c4/5be/5a11c45bea454908192694.jpg	image/jpeg
https://nasmei.org/storage/app/uploads/public/5a1/1c7/195/5a11c719547fe865282801.jpg	/Users/gmallapr/Documents/Codex/2026-07-10/i/work/nasmei-live-mirror/storage/app/uploads/public/5a1/1c7/195/5a11c719547fe865282801.jpg	image/jpeg
https://nasmei.org/storage/app/uploads/public/5a1/1c7/199/5a11c719983fb800768739.jpg	/Users/gmallapr/Documents/Codex/2026-07-10/i/work/nasmei-live-mirror/storage/app/uploads/public/5a1/1c7/199/5a11c719983fb800768739.jpg	image/jpeg
https://nasmei.org/storage/app/uploads/public/5a1/1c7/1aa/5a11c71aac5f4671869838.jpg	/Users/gmallapr/Documents/Codex/2026-07-10/i/work/nasmei-live-mirror/storage/app/uploads/public/5a1/1c7/1aa/5a11c71aac5f4671869838.jpg	image/jpeg
https://nasmei.org/storage/app/uploads/public/5a1/1c7/1b2/5a11c71b22d24423158545.jpg	/Users/gmallapr/Documents/Codex/2026-07-10/i/work/nasmei-live-mirror/storage/app/uploads/public/5a1/1c7/1b2/5a11c71b22d24423158545.jpg	image/jpeg
https://nasmei.org/storage/app/uploads/public/5a1/1c7/1b7/5a11c71b74225089276368.jpg	/Users/gmallapr/Documents/Codex/2026-07-10/i/work/nasmei-live-mirror/storage/app/uploads/public/5a1/1c7/1b7/5a11c71b74225089276368.jpg	image/jpeg
https://nasmei.org/storage/app/uploads/public/5a1/1c7/1c9/5a11c71c98eac093531470.jpg	/Users/gmallapr/Documents/Codex/2026-07-10/i/work/nasmei-live-mirror/storage/app/uploads/public/5a1/1c7/1c9/5a11c71c98eac093531470.jpg	image/jpeg
https://nasmei.org/storage/app/uploads/public/5a1/1c7/1d1/5a11c71d1745c278945227.jpg	/Users/gmallapr/Documents/Codex/2026-07-10/i/work/nasmei-live-mirror/storage/app/uploads/public/5a1/1c7/1d1/5a11c71d1745c278945227.jpg	image/jpeg
https://nasmei.org/storage/app/uploads/public/5a1/1c7/1df/5a11c71df1c01065215944.jpg	/Users/gmallapr/Documents/Codex/2026-07-10/i/work/nasmei-live-mirror/storage/app/uploads/public/5a1/1c7/1df/5a11c71df1c01065215944.jpg	image/jpeg
https://nasmei.org/storage/app/uploads/public/5a1/1c7/1e4/5a11c71e4c241342255050.jpg	/Users/gmallapr/Documents/Codex/2026-07-10/i/work/nasmei-live-mirror/storage/app/uploads/public/5a1/1c7/1e4/5a11c71e4c241342255050.jpg	image/jpeg
https://nasmei.org/storage/app/uploads/public/5a1/1c7/1f2/5a11c71f256bd604141557.jpg	/Users/gmallapr/Documents/Codex/2026-07-10/i/work/nasmei-live-mirror/storage/app/uploads/public/5a1/1c7/1f2/5a11c71f256bd604141557.jpg	image/jpeg
https://nasmei.org/storage/app/uploads/public/5a1/1c7/1fb/5a11c71fb5077736938982.jpg	/Users/gmallapr/Documents/Codex/2026-07-10/i/work/nasmei-live-mirror/storage/app/uploads/public/5a1/1c7/1fb/5a11c71fb5077736938982.jpg	image/jpeg
https://nasmei.org/storage/app/uploads/public/5a1/1c7/203/5a11c7203d2bb357872290.jpg	/Users/gmallapr/Documents/Codex/2026-07-10/i/work/nasmei-live-mirror/storage/app/uploads/public/5a1/1c7/203/5a11c7203d2bb357872290.jpg	image/jpeg
https://nasmei.org/storage/app/uploads/public/5a1/1c7/20b/5a11c720bd04b398256388.jpg	/Users/gmallapr/Documents/Codex/2026-07-10/i/work/nasmei-live-mirror/storage/app/uploads/public/5a1/1c7/20b/5a11c720bd04b398256388.jpg	image/jpeg
https://nasmei.org/storage/app/uploads/public/5a1/1c7/218/5a11c7218e61c806455654.jpg	/Users/gmallapr/Documents/Codex/2026-07-10/i/work/nasmei-live-mirror/storage/app/uploads/public/5a1/1c7/218/5a11c7218e61c806455654.jpg	image/jpeg
https://nasmei.org/storage/app/uploads/public/5a1/1c7/223/5a11c72233331157725937.jpg	/Users/gmallapr/Documents/Codex/2026-07-10/i/work/nasmei-live-mirror/storage/app/uploads/public/5a1/1c7/223/5a11c72233331157725937.jpg	image/jpeg
https://nasmei.org/storage/app/uploads/public/5a1/1c7/237/5a11c7237de4e231449608.jpg	/Users/gmallapr/Documents/Codex/2026-07-10/i/work/nasmei-live-mirror/storage/app/uploads/public/5a1/1c7/237/5a11c7237de4e231449608.jpg	image/jpeg
https://nasmei.org/storage/app/uploads/public/5a1/1c7/237/5a11c7237e91c494416981.jpg	/Users/gmallapr/Documents/Codex/2026-07-10/i/work/nasmei-live-mirror/storage/app/uploads/public/5a1/1c7/237/5a11c7237e91c494416981.jpg	image/jpeg
https://nasmei.org/storage/app/uploads/public/5a1/1c7/24a/5a11c724aaa10605046132.jpg	/Users/gmallapr/Documents/Codex/2026-07-10/i/work/nasmei-live-mirror/storage/app/uploads/public/5a1/1c7/24a/5a11c724aaa10605046132.jpg	image/jpeg
https://nasmei.org/storage/app/uploads/public/5a1/025/828/5a1025828217f213382903.jpg	/Users/gmallapr/Documents/Codex/2026-07-10/i/work/nasmei-live-mirror/storage/app/uploads/public/5a1/025/828/5a1025828217f213382903.jpg	image/jpeg
https://nasmei.org/storage/app/uploads/public/5a1/025/83d/5a102583d1285210205191.jpg	/Users/gmallapr/Documents/Codex/2026-07-10/i/work/nasmei-live-mirror/storage/app/uploads/public/5a1/025/83d/5a102583d1285210205191.jpg	image/jpeg
https://nasmei.org/storage/app/uploads/public/5a1/025/847/5a10258474856542737513.jpg	/Users/gmallapr/Documents/Codex/2026-07-10/i/work/nasmei-live-mirror/storage/app/uploads/public/5a1/025/847/5a10258474856542737513.jpg	image/jpeg
https://nasmei.org/storage/app/uploads/public/5a1/025/85a/5a102585a9ac9137677040.jpg	/Users/gmallapr/Documents/Codex/2026-07-10/i/work/nasmei-live-mirror/storage/app/uploads/public/5a1/025/85a/5a102585a9ac9137677040.jpg	image/jpeg
https://nasmei.org/storage/app/uploads/public/5a1/025/864/5a1025864e446350913260.jpg	/Users/gmallapr/Documents/Codex/2026-07-10/i/work/nasmei-live-mirror/storage/app/uploads/public/5a1/025/864/5a1025864e446350913260.jpg	image/jpeg
https://nasmei.org/storage/app/uploads/public/5a1/025/873/5a1025873b3d6094491246.jpg	/Users/gmallapr/Documents/Codex/2026-07-10/i/work/nasmei-live-mirror/storage/app/uploads/public/5a1/025/873/5a1025873b3d6094491246.jpg	image/jpeg
https://nasmei.org/storage/app/uploads/public/5a1/025/882/5a10258826ddd154429038.jpg	/Users/gmallapr/Documents/Codex/2026-07-10/i/work/nasmei-live-mirror/storage/app/uploads/public/5a1/025/882/5a10258826ddd154429038.jpg	image/jpeg
https://nasmei.org/storage/app/uploads/public/5a1/025/887/5a10258873c7c766538557.jpg	/Users/gmallapr/Documents/Codex/2026-07-10/i/work/nasmei-live-mirror/storage/app/uploads/public/5a1/025/887/5a10258873c7c766538557.jpg	image/jpeg
https://nasmei.org/storage/app/uploads/public/5a1/025/8a0/5a10258a0dbe1010622204.jpg	/Users/gmallapr/Documents/Codex/2026-07-10/i/work/nasmei-live-mirror/storage/app/uploads/public/5a1/025/8a0/5a10258a0dbe1010622204.jpg	image/jpeg
https://nasmei.org/storage/app/uploads/public/5a1/025/8a1/5a10258a11a95074161291.jpg	/Users/gmallapr/Documents/Codex/2026-07-10/i/work/nasmei-live-mirror/storage/app/uploads/public/5a1/025/8a1/5a10258a11a95074161291.jpg	image/jpeg
https://nasmei.org/storage/app/uploads/public/5a1/025/8b5/5a10258b51fbd185743648.jpg	/Users/gmallapr/Documents/Codex/2026-07-10/i/work/nasmei-live-mirror/storage/app/uploads/public/5a1/025/8b5/5a10258b51fbd185743648.jpg	image/jpeg
https://nasmei.org/storage/app/uploads/public/5a1/025/8d3/5a10258d32d58363479740.jpg	/Users/gmallapr/Documents/Codex/2026-07-10/i/work/nasmei-live-mirror/storage/app/uploads/public/5a1/025/8d3/5a10258d32d58363479740.jpg	image/jpeg
https://nasmei.org/storage/app/uploads/public/5a1/025/8d7/5a10258d78362144850085.jpg	/Users/gmallapr/Documents/Codex/2026-07-10/i/work/nasmei-live-mirror/storage/app/uploads/public/5a1/025/8d7/5a10258d78362144850085.jpg	image/jpeg
https://nasmei.org/storage/app/uploads/public/5a1/025/8ec/5a10258ecaea6923229604.jpg	/Users/gmallapr/Documents/Codex/2026-07-10/i/work/nasmei-live-mirror/storage/app/uploads/public/5a1/025/8ec/5a10258ecaea6923229604.jpg	image/jpeg
https://nasmei.org/storage/app/uploads/public/5a1/025/8f8/5a10258f83f9b980003682.jpg	/Users/gmallapr/Documents/Codex/2026-07-10/i/work/nasmei-live-mirror/storage/app/uploads/public/5a1/025/8f8/5a10258f83f9b980003682.jpg	image/jpeg
https://nasmei.org/storage/app/uploads/public/5a1/025/902/5a1025902dcf9338177145.jpg	/Users/gmallapr/Documents/Codex/2026-07-10/i/work/nasmei-live-mirror/storage/app/uploads/public/5a1/025/902/5a1025902dcf9338177145.jpg	image/jpeg
https://nasmei.org/storage/app/uploads/public/5a1/025/912/5a1025912ebba262937964.jpg	/Users/gmallapr/Documents/Codex/2026-07-10/i/work/nasmei-live-mirror/storage/app/uploads/public/5a1/025/912/5a1025912ebba262937964.jpg	image/jpeg
https://nasmei.org/storage/app/uploads/public/5a1/025/91b/5a102591be241991366277.jpg	/Users/gmallapr/Documents/Codex/2026-07-10/i/work/nasmei-live-mirror/storage/app/uploads/public/5a1/025/91b/5a102591be241991366277.jpg	image/jpeg
https://nasmei.org/storage/app/uploads/public/5a1/025/929/5a10259291cf4086076461.jpg	/Users/gmallapr/Documents/Codex/2026-07-10/i/work/nasmei-live-mirror/storage/app/uploads/public/5a1/025/929/5a10259291cf4086076461.jpg	image/jpeg
https://nasmei.org/storage/app/uploads/public/5a1/025/931/5a10259314ac2396853736.jpg	/Users/gmallapr/Documents/Codex/2026-07-10/i/work/nasmei-live-mirror/storage/app/uploads/public/5a1/025/931/5a10259314ac2396853736.jpg	image/jpeg
https://nasmei.org/storage/app/uploads/public/5a1/025/947/5a102594719bb384618524.jpg	/Users/gmallapr/Documents/Codex/2026-07-10/i/work/nasmei-live-mirror/storage/app/uploads/public/5a1/025/947/5a102594719bb384618524.jpg	image/jpeg
https://nasmei.org/storage/app/uploads/public/5a1/025/947/5a10259477925044672322.jpg	/Users/gmallapr/Documents/Codex/2026-07-10/i/work/nasmei-live-mirror/storage/app/uploads/public/5a1/025/947/5a10259477925044672322.jpg	image/jpeg
https://nasmei.org/storage/app/uploads/public/5a1/025/508/5a10255080792614222152.jpg	/Users/gmallapr/Documents/Codex/2026-07-10/i/work/nasmei-live-mirror/storage/app/uploads/public/5a1/025/508/5a10255080792614222152.jpg	image/jpeg
https://nasmei.org/storage/app/uploads/public/5a1/025/508/5a1025508046e712430799.jpg	/Users/gmallapr/Documents/Codex/2026-07-10/i/work/nasmei-live-mirror/storage/app/uploads/public/5a1/025/508/5a1025508046e712430799.jpg	image/jpeg
https://nasmei.org/storage/app/uploads/public/5a1/025/535/5a1025535aafe727822442.jpg	/Users/gmallapr/Documents/Codex/2026-07-10/i/work/nasmei-live-mirror/storage/app/uploads/public/5a1/025/535/5a1025535aafe727822442.jpg	image/jpeg
https://nasmei.org/storage/app/uploads/public/5a1/025/543/5a1025543d974593270401.jpg	/Users/gmallapr/Documents/Codex/2026-07-10/i/work/nasmei-live-mirror/storage/app/uploads/public/5a1/025/543/5a1025543d974593270401.jpg	image/jpeg
https://nasmei.org/storage/app/uploads/public/5a1/025/54d/5a102554d30e1411118647.jpg	/Users/gmallapr/Documents/Codex/2026-07-10/i/work/nasmei-live-mirror/storage/app/uploads/public/5a1/025/54d/5a102554d30e1411118647.jpg	image/jpeg
https://nasmei.org/storage/app/uploads/public/5a1/025/567/5a1025567c33f993551010.jpg	/Users/gmallapr/Documents/Codex/2026-07-10/i/work/nasmei-live-mirror/storage/app/uploads/public/5a1/025/567/5a1025567c33f993551010.jpg	image/jpeg
https://nasmei.org/storage/app/uploads/public/5a1/025/56c/5a102556cf08f658260656.jpg	/Users/gmallapr/Documents/Codex/2026-07-10/i/work/nasmei-live-mirror/storage/app/uploads/public/5a1/025/56c/5a102556cf08f658260656.jpg	image/jpeg
https://nasmei.org/storage/app/uploads/public/5a1/025/58a/5a102558a7f00290977769.jpg	/Users/gmallapr/Documents/Codex/2026-07-10/i/work/nasmei-live-mirror/storage/app/uploads/public/5a1/025/58a/5a102558a7f00290977769.jpg	image/jpeg
https://nasmei.org/storage/app/uploads/public/5a1/025/599/5a10255991ded355388270.jpg	/Users/gmallapr/Documents/Codex/2026-07-10/i/work/nasmei-live-mirror/storage/app/uploads/public/5a1/025/599/5a10255991ded355388270.jpg	image/jpeg
https://nasmei.org/storage/app/uploads/public/5a1/025/5a8/5a10255a85597027109481.jpg	/Users/gmallapr/Documents/Codex/2026-07-10/i/work/nasmei-live-mirror/storage/app/uploads/public/5a1/025/5a8/5a10255a85597027109481.jpg	image/jpeg
https://nasmei.org/storage/app/uploads/public/5a1/025/5b9/5a10255b9dfd4174533387.jpg	/Users/gmallapr/Documents/Codex/2026-07-10/i/work/nasmei-live-mirror/storage/app/uploads/public/5a1/025/5b9/5a10255b9dfd4174533387.jpg	image/jpeg
https://nasmei.org/storage/app/uploads/public/5a1/025/5cc/5a10255ccdf8c194563633.jpg	/Users/gmallapr/Documents/Codex/2026-07-10/i/work/nasmei-live-mirror/storage/app/uploads/public/5a1/025/5cc/5a10255ccdf8c194563633.jpg	image/jpeg
https://nasmei.org/storage/app/uploads/public/5a1/025/5db/5a10255dba109110382044.jpg	/Users/gmallapr/Documents/Codex/2026-07-10/i/work/nasmei-live-mirror/storage/app/uploads/public/5a1/025/5db/5a10255dba109110382044.jpg	image/jpeg
https://nasmei.org/storage/app/uploads/public/5a1/025/5f0/5a10255f023fd980353391.jpg	/Users/gmallapr/Documents/Codex/2026-07-10/i/work/nasmei-live-mirror/storage/app/uploads/public/5a1/025/5f0/5a10255f023fd980353391.jpg	image/jpeg
https://nasmei.org/storage/app/uploads/public/5a1/025/5f9/5a10255f961bc682117285.jpg	/Users/gmallapr/Documents/Codex/2026-07-10/i/work/nasmei-live-mirror/storage/app/uploads/public/5a1/025/5f9/5a10255f961bc682117285.jpg	image/jpeg
https://nasmei.org/storage/app/uploads/public/5a1/025/0f2/5a10250f29aff791775950.jpg	/Users/gmallapr/Documents/Codex/2026-07-10/i/work/nasmei-live-mirror/storage/app/uploads/public/5a1/025/0f2/5a10250f29aff791775950.jpg	image/jpeg
https://nasmei.org/storage/app/uploads/public/5a1/025/10c/5a102510c2dca908590665.jpg	/Users/gmallapr/Documents/Codex/2026-07-10/i/work/nasmei-live-mirror/storage/app/uploads/public/5a1/025/10c/5a102510c2dca908590665.jpg	image/jpeg
https://nasmei.org/storage/app/uploads/public/5a1/025/10c/5a102510c5651942487920.jpg	/Users/gmallapr/Documents/Codex/2026-07-10/i/work/nasmei-live-mirror/storage/app/uploads/public/5a1/025/10c/5a102510c5651942487920.jpg	image/jpeg
https://nasmei.org/storage/app/uploads/public/5a1/025/128/5a10251282e5f575302063.jpg	/Users/gmallapr/Documents/Codex/2026-07-10/i/work/nasmei-live-mirror/storage/app/uploads/public/5a1/025/128/5a10251282e5f575302063.jpg	image/jpeg
https://nasmei.org/storage/app/uploads/public/5a1/025/128/5a1025128396a754938754.jpg	/Users/gmallapr/Documents/Codex/2026-07-10/i/work/nasmei-live-mirror/storage/app/uploads/public/5a1/025/128/5a1025128396a754938754.jpg	image/jpeg
https://nasmei.org/storage/app/uploads/public/5a1/025/13e/5a102513e5d0e517450076.jpg	/Users/gmallapr/Documents/Codex/2026-07-10/i/work/nasmei-live-mirror/storage/app/uploads/public/5a1/025/13e/5a102513e5d0e517450076.jpg	image/jpeg
https://nasmei.org/storage/app/uploads/public/5a1/025/143/5a10251432eab468757701.jpg	/Users/gmallapr/Documents/Codex/2026-07-10/i/work/nasmei-live-mirror/storage/app/uploads/public/5a1/025/143/5a10251432eab468757701.jpg	image/jpeg
https://nasmei.org/storage/app/uploads/public/5a1/025/14d/5a102514daa23386511820.jpg	/Users/gmallapr/Documents/Codex/2026-07-10/i/work/nasmei-live-mirror/storage/app/uploads/public/5a1/025/14d/5a102514daa23386511820.jpg	image/jpeg
https://nasmei.org/storage/app/uploads/public/5a1/025/152/5a102515291b0661101656.jpg	/Users/gmallapr/Documents/Codex/2026-07-10/i/work/nasmei-live-mirror/storage/app/uploads/public/5a1/025/152/5a102515291b0661101656.jpg	image/jpeg
https://nasmei.org/storage/app/uploads/public/5a1/025/163/5a10251633e23205587029.jpg	/Users/gmallapr/Documents/Codex/2026-07-10/i/work/nasmei-live-mirror/storage/app/uploads/public/5a1/025/163/5a10251633e23205587029.jpg	image/jpeg
https://nasmei.org/storage/app/uploads/public/5a1/025/167/5a10251676d0d299260844.jpg	/Users/gmallapr/Documents/Codex/2026-07-10/i/work/nasmei-live-mirror/storage/app/uploads/public/5a1/025/167/5a10251676d0d299260844.jpg	image/jpeg
https://nasmei.org/storage/app/uploads/public/5a1/025/17b/5a102517b371a463972136.jpg	/Users/gmallapr/Documents/Codex/2026-07-10/i/work/nasmei-live-mirror/storage/app/uploads/public/5a1/025/17b/5a102517b371a463972136.jpg	image/jpeg
https://nasmei.org/storage/app/uploads/public/5a1/025/180/5a1025180f597843709788.jpg	/Users/gmallapr/Documents/Codex/2026-07-10/i/work/nasmei-live-mirror/storage/app/uploads/public/5a1/025/180/5a1025180f597843709788.jpg	image/jpeg
https://nasmei.org/storage/app/uploads/public/5a1/025/190/5a1025190bc2a145401370.jpg	/Users/gmallapr/Documents/Codex/2026-07-10/i/work/nasmei-live-mirror/storage/app/uploads/public/5a1/025/190/5a1025190bc2a145401370.jpg	image/jpeg
https://nasmei.org/storage/app/uploads/public/5a1/025/19a/5a102519a3ae6139017035.jpg	/Users/gmallapr/Documents/Codex/2026-07-10/i/work/nasmei-live-mirror/storage/app/uploads/public/5a1/025/19a/5a102519a3ae6139017035.jpg	image/jpeg
https://nasmei.org/storage/app/uploads/public/5a1/025/1aa/5a10251aa2442729329061.jpg	/Users/gmallapr/Documents/Codex/2026-07-10/i/work/nasmei-live-mirror/storage/app/uploads/public/5a1/025/1aa/5a10251aa2442729329061.jpg	image/jpeg
https://nasmei.org/storage/app/uploads/public/5a1/025/1b2/5a10251b2f720684128284.jpg	/Users/gmallapr/Documents/Codex/2026-07-10/i/work/nasmei-live-mirror/storage/app/uploads/public/5a1/025/1b2/5a10251b2f720684128284.jpg	image/jpeg
https://nasmei.org/storage/app/uploads/public/5a1/025/1c3/5a10251c397fb379120051.jpg	/Users/gmallapr/Documents/Codex/2026-07-10/i/work/nasmei-live-mirror/storage/app/uploads/public/5a1/025/1c3/5a10251c397fb379120051.jpg	image/jpeg
https://nasmei.org/storage/app/uploads/public/5a1/025/1f1/5a10251f18100688522403.jpg	/Users/gmallapr/Documents/Codex/2026-07-10/i/work/nasmei-live-mirror/storage/app/uploads/public/5a1/025/1f1/5a10251f18100688522403.jpg	image/jpeg
https://nasmei.org/storage/app/uploads/public/5a1/025/1fb/5a10251fb0331821579501.jpg	/Users/gmallapr/Documents/Codex/2026-07-10/i/work/nasmei-live-mirror/storage/app/uploads/public/5a1/025/1fb/5a10251fb0331821579501.jpg	image/jpeg
https://nasmei.org/storage/app/uploads/public/5a1/025/209/5a1025209f53b683784673.jpg	/Users/gmallapr/Documents/Codex/2026-07-10/i/work/nasmei-live-mirror/storage/app/uploads/public/5a1/025/209/5a1025209f53b683784673.jpg	image/jpeg
https://nasmei.org/storage/app/uploads/public/5a1/025/21d/5a102521d3c1c712296889.jpg	/Users/gmallapr/Documents/Codex/2026-07-10/i/work/nasmei-live-mirror/storage/app/uploads/public/5a1/025/21d/5a102521d3c1c712296889.jpg	image/jpeg
https://nasmei.org/storage/app/uploads/public/5a1/025/222/5a10252229f7c866830625.jpg	/Users/gmallapr/Documents/Codex/2026-07-10/i/work/nasmei-live-mirror/storage/app/uploads/public/5a1/025/222/5a10252229f7c866830625.jpg	image/jpeg
https://nasmei.org/storage/app/uploads/public/5a1/025/23a/5a102523ae8b8496170375.jpg	/Users/gmallapr/Documents/Codex/2026-07-10/i/work/nasmei-live-mirror/storage/app/uploads/public/5a1/025/23a/5a102523ae8b8496170375.jpg	image/jpeg
https://nasmei.org/storage/app/uploads/public/5a1/025/240/5a1025240244c816752610.jpg	/Users/gmallapr/Documents/Codex/2026-07-10/i/work/nasmei-live-mirror/storage/app/uploads/public/5a1/025/240/5a1025240244c816752610.jpg	image/jpeg
https://nasmei.org/storage/app/uploads/public/5a1/025/258/5a1025258aee6422554485.jpg	/Users/gmallapr/Documents/Codex/2026-07-10/i/work/nasmei-live-mirror/storage/app/uploads/public/5a1/025/258/5a1025258aee6422554485.jpg	image/jpeg
https://nasmei.org/storage/app/uploads/public/5a1/025/259/5a10252595ed1087133776.jpg	/Users/gmallapr/Documents/Codex/2026-07-10/i/work/nasmei-live-mirror/storage/app/uploads/public/5a1/025/259/5a10252595ed1087133776.jpg	image/jpeg
https://nasmei.org/storage/app/uploads/public/5a1/025/268/5a1025268f3f6669060056.jpg	/Users/gmallapr/Documents/Codex/2026-07-10/i/work/nasmei-live-mirror/storage/app/uploads/public/5a1/025/268/5a1025268f3f6669060056.jpg	image/jpeg
https://nasmei.org/storage/app/uploads/public/5a1/024/d48/5a1024d48bca0090888699.jpg	/Users/gmallapr/Documents/Codex/2026-07-10/i/work/nasmei-live-mirror/storage/app/uploads/public/5a1/024/d48/5a1024d48bca0090888699.jpg	image/jpeg
https://nasmei.org/storage/app/uploads/public/5a1/024/c82/5a1024c829bd6944291790.jpg	/Users/gmallapr/Documents/Codex/2026-07-10/i/work/nasmei-live-mirror/storage/app/uploads/public/5a1/024/c82/5a1024c829bd6944291790.jpg	image/jpeg
https://nasmei.org/storage/app/uploads/public/5a1/024/b4f/5a1024b4f3e9c461532406.jpg	/Users/gmallapr/Documents/Codex/2026-07-10/i/work/nasmei-live-mirror/storage/app/uploads/public/5a1/024/b4f/5a1024b4f3e9c461532406.jpg	image/jpeg
https://nasmei.org/storage/app/uploads/public/5a1/024/b4f/5a1024b4f361e722885666.jpg	/Users/gmallapr/Documents/Codex/2026-07-10/i/work/nasmei-live-mirror/storage/app/uploads/public/5a1/024/b4f/5a1024b4f361e722885666.jpg	image/jpeg
https://nasmei.org/storage/app/uploads/public/5a1/f8d/53d/5a1f8d53d84ff443920048.jpg	/Users/gmallapr/Documents/Codex/2026-07-10/i/work/nasmei-live-mirror/storage/app/uploads/public/5a1/f8d/53d/5a1f8d53d84ff443920048.jpg	image/jpeg
https://nasmei.org/storage/app/uploads/public/5a1/f8d/57f/5a1f8d57f3f76351045611.jpg	/Users/gmallapr/Documents/Codex/2026-07-10/i/work/nasmei-live-mirror/storage/app/uploads/public/5a1/f8d/57f/5a1f8d57f3f76351045611.jpg	image/jpeg
https://nasmei.org/storage/app/uploads/public/5a1/f8d/5b8/5a1f8d5b85842079362631.jpg	/Users/gmallapr/Documents/Codex/2026-07-10/i/work/nasmei-live-mirror/storage/app/uploads/public/5a1/f8d/5b8/5a1f8d5b85842079362631.jpg	image/jpeg
https://nasmei.org/storage/app/uploads/public/5a1/f8d/5f9/5a1f8d5f9ea83634831199.jpg	/Users/gmallapr/Documents/Codex/2026-07-10/i/work/nasmei-live-mirror/storage/app/uploads/public/5a1/f8d/5f9/5a1f8d5f9ea83634831199.jpg	image/jpeg
https://nasmei.org/storage/app/uploads/public/5a1/f55/635/5a1f556355e62256948489.jpg	/Users/gmallapr/Documents/Codex/2026-07-10/i/work/nasmei-live-mirror/storage/app/uploads/public/5a1/f55/635/5a1f556355e62256948489.jpg	image/jpeg
https://nasmei.org/storage/app/uploads/public/5a1/f55/67b/5a1f5567b79bb256212125.jpg	/Users/gmallapr/Documents/Codex/2026-07-10/i/work/nasmei-live-mirror/storage/app/uploads/public/5a1/f55/67b/5a1f5567b79bb256212125.jpg	image/jpeg
https://nasmei.org/storage/app/uploads/public/5a1/f55/6c5/5a1f556c5acc5510263468.jpg	/Users/gmallapr/Documents/Codex/2026-07-10/i/work/nasmei-live-mirror/storage/app/uploads/public/5a1/f55/6c5/5a1f556c5acc5510263468.jpg	image/jpeg
https://nasmei.org/storage/app/uploads/public/5b1/c37/951/5b1c379515173806243929.pdf	/Users/gmallapr/Documents/Codex/2026-07-10/i/work/nasmei-live-mirror/storage/app/uploads/public/5b1/c37/951/5b1c379515173806243929.pdf	application/pdf
https://nasmei.org/storage/app/uploads/public/5af/465/b97/5af465b97c410014109437.pdf	/Users/gmallapr/Documents/Codex/2026-07-10/i/work/nasmei-live-mirror/storage/app/uploads/public/5af/465/b97/5af465b97c410014109437.pdf	application/pdf
https://nasmei.org/storage/app/uploads/public/5f6/03b/27b/5f603b27bfbf9980051287.pdf	/Users/gmallapr/Documents/Codex/2026-07-10/i/work/nasmei-live-mirror/storage/app/uploads/public/5f6/03b/27b/5f603b27bfbf9980051287.pdf	application/pdf
https://nasmei.org/storage/app/uploads/public/5f6/03b/435/5f603b435ed68364049033.pdf	/Users/gmallapr/Documents/Codex/2026-07-10/i/work/nasmei-live-mirror/storage/app/uploads/public/5f6/03b/435/5f603b435ed68364049033.pdf	application/pdf
https://nasmei.org/plugins/sublimearts/sublimestripe/assets/js/vue-2.1.0.js	/Users/gmallapr/Documents/Codex/2026-07-10/i/work/nasmei-live-mirror/plugins/sublimearts/sublimestripe/assets/js/vue-2.1.0.js	application/javascript
https://nasmei.org/plugins/sublimearts/sublimestripe/assets/js/vue-resource-1.0.3.js	/Users/gmallapr/Documents/Codex/2026-07-10/i/work/nasmei-live-mirror/plugins/sublimearts/sublimestripe/assets/js/vue-resource-1.0.3.js	application/javascript
https://nasmei.org/plugins/sublimearts/sublimestripe/assets/js/sublimestripe-vue.js	/Users/gmallapr/Documents/Codex/2026-07-10/i/work/nasmei-live-mirror/plugins/sublimearts/sublimestripe/assets/js/sublimestripe-vue.js	application/javascript
